ID,Name,ImageURL1,ImageURL2,DesignType,ProductCode
"01bQHweQjYm1lN2MQ4cp","FRANKFORT OQ SHAKAR","https://ik.imagekit.io/php1jcf0t/default_placeholder.jpg","https://ik.imagekit.io/php1jcf0t/default_placeholder.jpg","unique","N/A"
"05eXXoTQoeCCJkXnG1x8","ZIRA","https://ik.imagekit.io/php1jcf0t/default_placeholder.jpg","https://ik.imagekit.io/php1jcf0t/default_placeholder.jpg","unique","N/A"
"0PD4BffIxElIO4m91Wcq","CENTRAL PALACE","https://ik.imagekit.io/php1jcf0t/default_placeholder.jpg","https://ik.imagekit.io/php1jcf0t/default_placeholder.jpg","unique","N/A"
"0VrqbCZaFt5Ju8yMGjEH","ERGASH MEAT","https://ik.imagekit.io/php1jcf0t/default_placeholder.jpg","https://ik.imagekit.io/php1jcf0t/default_placeholder.jpg","unique","N/A"
"115aXM40aJCGuzomEdjV","BURCHMULLA SLIVKA","https://ik.imagekit.io/php1jcf0t/BURCHMULLA_3_s-USvoXXWK.jpg","https://ik.imagekit.io/php1jcf0t/default_placeholder.jpg","unique","N/A"
"17GUtjyo1N0xifJ8hzjB","TATNEFT","https://ik.imagekit.io/php1jcf0t/default_placeholder.jpg","N/A","unique","N/A"
"1XgJ7dSe3SKQptwNdDy1","FRESCO","https://ik.imagekit.io/php1jcf0t/default_placeholder.jpg","https://ik.imagekit.io/php1jcf0t/default_placeholder.jpg","unique","N/A"
"1qD5SuCr2NA8JTYUetRE","HILTON GARDEN OQ SHAKAR","https://ik.imagekit.io/php1jcf0t/photo_2023-05-27_00-17-01__zs7_BihD.jpg","https://ik.imagekit.io/php1jcf0t/default_placeholder.jpg","unique","N/A"
"25QjaYsyI8ulKksQRR5Z","BIBIGON","https://ik.imagekit.io/php1jcf0t/BIBIGON_tD5GBiHMp.JPG","https://ik.imagekit.io/php1jcf0t/default_placeholder.jpg","unique","N/A"
"29t0mKj5E7qjTlGEzRp7","KAI ZEN","https://ik.imagekit.io/php1jcf0t/default_placeholder.jpg","https://ik.imagekit.io/php1jcf0t/default_placeholder.jpg","unique","N/A"
"2j0k7NZ5Eh1frhEPbYAa","PREMIER LOUNGE","https://ik.imagekit.io/php1jcf0t/default_placeholder.jpg","https://ik.imagekit.io/php1jcf0t/default_placeholder.jpg","unique","N/A"
"39W6Ygr8xNegqADJx3yz","TIBET OQ SHAKAR","https://ik.imagekit.io/php1jcf0t/default_placeholder.jpg","https://ik.imagekit.io/php1jcf0t/default_placeholder.jpg","unique","N/A"
"3HI3uHOsELC9aLRueELq","LA ESMIRALDA","https://ik.imagekit.io/php1jcf0t/default_placeholder.jpg","https://ik.imagekit.io/php1jcf0t/default_placeholder.jpg","unique","N/A"
"3MOPdMbvxiOZfU1yQSLy","QANOT SHARQ","https://ik.imagekit.io/php1jcf0t/default_placeholder.jpg","https://ik.imagekit.io/php1jcf0t/default_placeholder.jpg","unique","N/A"
"3X3W3uLPj8Ll7GiE2uaC","MUSTAFA","https://ik.imagekit.io/php1jcf0t/default_placeholder.jpg","https://ik.imagekit.io/php1jcf0t/default_placeholder.jpg","unique","N/A"
"4HGgkLJGoULQbYZhkF1Q","ARK BILLUR","https://ik.imagekit.io/php1jcf0t/ark_billur_jpKTgA5r8.jpg","https://ik.imagekit.io/php1jcf0t/default_placeholder.jpg","unique","N/A"
"4UL6stBFznaeJ3MC0Jxa","SAAD","https://ik.imagekit.io/php1jcf0t/default_placeholder.jpg","N/A","unique","N/A"
"4WCxOJ8zP3EzkPhjbiIv","CHOCOLATE","https://ik.imagekit.io/php1jcf0t/chokolate_6wvGBmPbs.jpg","https://ik.imagekit.io/php1jcf0t/default_placeholder.jpg","unique","N/A"
"5eWjRomUW7bXVgBi4A5L","REGAL HOTEL","https://ik.imagekit.io/php1jcf0t/5__1__b3QH2-H35.jpg","https://ik.imagekit.io/php1jcf0t/default_placeholder.jpg","unique","N/A"
"6Hq3cyZfRDp8N9YgMVJ7","DELONGHI","https://ik.imagekit.io/php1jcf0t/default_placeholder.jpg","https://ik.imagekit.io/php1jcf0t/default_placeholder.jpg","unique","N/A"
"6Hr3Odg7HuNga6ZinxhX","TERRAZZA","https://ik.imagekit.io/php1jcf0t/default_placeholder.jpg","N/A","unique","N/A"
"6JM7gRTMFi9141vsz10H","COLD STONE","https://ik.imagekit.io/php1jcf0t/default_placeholder.jpg","https://ik.imagekit.io/php1jcf0t/default_placeholder.jpg","unique","N/A"
"6Sd03DG22FpqY3lqtYoc","PERFETTO","https://ik.imagekit.io/php1jcf0t/default_placeholder.jpg","https://ik.imagekit.io/php1jcf0t/default_placeholder.jpg","unique","N/A"
"6yeeRB6ANU3auCpnp9xr","FRANKFORT JIGARRANG","https://ik.imagekit.io/php1jcf0t/default_placeholder.jpg","https://ik.imagekit.io/php1jcf0t/default_placeholder.jpg","unique","N/A"
"7X13tQsFvM4MzAX3pQlB","MOVENPICK OQ SHAKAR","https://ik.imagekit.io/php1jcf0t/default_placeholder.jpg","https://ik.imagekit.io/php1jcf0t/default_placeholder.jpg","unique","N/A"
"7sz9kADF3YJLccW1xJ0c","DONERGY","https://ik.imagekit.io/php1jcf0t/photo_2025-10-12_18-13-59_3Kq8g28mQ.jpg","https://ik.imagekit.io/php1jcf0t/default_placeholder.jpg","unique","N/A"
"7wEkPBRcP6iZLAlDdlvV","ANFA CLINIC","https://ik.imagekit.io/php1jcf0t/anfa_clinic_tn-L0akNA.jpg","https://ik.imagekit.io/php1jcf0t/default_placeholder.jpg","unique","N/A"
"84CNIruAHtcfXA7Dkh9j","BELLA","https://ik.imagekit.io/php1jcf0t/default_placeholder.jpg","https://ik.imagekit.io/php1jcf0t/default_placeholder.jpg","unique","N/A"
"8c2he9fBL1bIixaXIwrV","FANAT OQ SHAKAR","https://ik.imagekit.io/php1jcf0t/default_placeholder.jpg","https://ik.imagekit.io/php1jcf0t/default_placeholder.jpg","unique","N/A"
"8dFQpAOZBw0v5ehMs3gw","QAHVACHI","https://ik.imagekit.io/php1jcf0t/default_placeholder.jpg","https://ik.imagekit.io/php1jcf0t/default_placeholder.jpg","unique","N/A"
"8oLkmnGexdIYh2kdt5qB","BURCHMULLA JIGARRANG","https://ik.imagekit.io/php1jcf0t/BURCHMULLA_2_LL34DUC0q.jpg","https://ik.imagekit.io/php1jcf0t/default_placeholder.jpg","unique","N/A"
"95XwkKnf2bh8csnzfMbh","ZIYORATLUXURY HOTEL","https://ik.imagekit.io/php1jcf0t/default_placeholder.jpg","N/A","unique","N/A"
"9NwCSyu4qJXCpQEfl4hP","TINCHLIK PLAZA","https://ik.imagekit.io/php1jcf0t/default_placeholder.jpg","https://ik.imagekit.io/php1jcf0t/default_placeholder.jpg","unique","N/A"
"9TKRRi8pWCAbtlMBZPW3","MADO (OQ SHAKAR)","https://ik.imagekit.io/php1jcf0t/default_placeholder.jpg","https://ik.imagekit.io/php1jcf0t/default_placeholder.jpg","unique","N/A"
"9bb7xpGXvO5W2QdZAZZ1","OSH PALOVE","https://ik.imagekit.io/php1jcf0t/photo_11_2025-08-24_12-26-38_JWQxs5eUW.jpg","https://ik.imagekit.io/php1jcf0t/default_placeholder.jpg","unique","N/A"
"9vnvBwEx4HLkWDqZ8Tl2","OZON FITNESS","https://ik.imagekit.io/php1jcf0t/default_placeholder.jpg","https://ik.imagekit.io/php1jcf0t/default_placeholder.jpg","unique","N/A"
"A9cNul6tJGRCEPtkSxkN","GRAND STAR HOTEL","https://ik.imagekit.io/php1jcf0t/default_placeholder.jpg","https://ik.imagekit.io/php1jcf0t/default_placeholder.jpg","unique","N/A"
"AL5xwbYp7YwgBz25zChe","DANIEL HILL","https://ik.imagekit.io/php1jcf0t/default_placeholder.jpg","https://ik.imagekit.io/php1jcf0t/default_placeholder.jpg","unique","N/A"
"AcHArSK1RtffK4tk9Roe","LA MAREE","https://ik.imagekit.io/php1jcf0t/2_yHZyUyJ9w.jpg","https://ik.imagekit.io/php1jcf0t/default_placeholder.jpg","unique","N/A"
"AiaKT7f0mFwM8IlZnOK2","HAVOKAND","https://ik.imagekit.io/php1jcf0t/default_placeholder.jpg","https://ik.imagekit.io/php1jcf0t/default_placeholder.jpg","unique","N/A"
"At7ciSPiKfs7kGdei2W4","STARDOGS","https://ik.imagekit.io/php1jcf0t/default_placeholder.jpg","https://ik.imagekit.io/php1jcf0t/default_placeholder.jpg","unique","N/A"
"CCYI3tKJ94xFOwH7GeY4","TUNCAY SEF","https://ik.imagekit.io/php1jcf0t/default_placeholder.jpg","https://ik.imagekit.io/php1jcf0t/default_placeholder.jpg","unique","N/A"
"CHScTE1OV4AAn4vN6cPp","DELISH","https://ik.imagekit.io/php1jcf0t/default_placeholder.jpg","https://ik.imagekit.io/php1jcf0t/default_placeholder.jpg","unique","N/A"
"CgjWYftszm62No1EqzBT","KEKS","https://ik.imagekit.io/php1jcf0t/default_placeholder.jpg","https://ik.imagekit.io/php1jcf0t/default_placeholder.jpg","unique","N/A"
"DK65kklzCAW44ZxCzqkZ","OPPO PIZZA","https://ik.imagekit.io/php1jcf0t/default_placeholder.jpg","N/A","unique","N/A"
"DUgGwpDEb3OH67ryQD1E","RODENA","https://ik.imagekit.io/php1jcf0t/default_placeholder.jpg","https://ik.imagekit.io/php1jcf0t/default_placeholder.jpg","unique","N/A"
"DrYsMA0WvJJ1sWFkbuhN","SHARQ HOTEL","https://ik.imagekit.io/php1jcf0t/default_placeholder.jpg","https://ik.imagekit.io/php1jcf0t/default_placeholder.jpg","unique","N/A"
"E4gUdvuAWDTIy50DdDQs","ANJIR STICK","https://ik.imagekit.io/php1jcf0t/anjir_stick_g7jfxRqQe.jpg","https://ik.imagekit.io/php1jcf0t/default_placeholder.jpg","unique","N/A"
"EbE4WjS9wtm9jOMkhPed","LOTTE JIGARRANG","https://ik.imagekit.io/php1jcf0t/default_placeholder.jpg","https://ik.imagekit.io/php1jcf0t/default_placeholder.jpg","unique","N/A"
"Ef5WPLMCpBccLjKd0oJF","MONA JIGARRANG","https://ik.imagekit.io/php1jcf0t/default_placeholder.jpg","https://ik.imagekit.io/php1jcf0t/default_placeholder.jpg","unique","N/A"
"Eg44beC0K7M6yn6vZSxk","HILTON GARDEN SLIVKA","https://ik.imagekit.io/php1jcf0t/default_placeholder.jpg","https://ik.imagekit.io/php1jcf0t/default_placeholder.jpg","unique","N/A"
"EiswIuwmjI8jAsMckzkN","ZARAFSHON","https://ik.imagekit.io/php1jcf0t/default_placeholder.jpg","https://ik.imagekit.io/php1jcf0t/default_placeholder.jpg","unique","N/A"
"EjqxqoFlhK09nNpmD3Hn","XON","https://ik.imagekit.io/php1jcf0t/default_placeholder.jpg","https://ik.imagekit.io/php1jcf0t/default_placeholder.jpg","unique","N/A"
"EmjBeCWIZGS0jmyIbeIx","VANILLA","https://ik.imagekit.io/php1jcf0t/default_placeholder.jpg","https://ik.imagekit.io/php1jcf0t/default_placeholder.jpg","unique","N/A"
"Eq9GaPgwKcN64CQ0j514","COFFEE OL","https://ik.imagekit.io/php1jcf0t/default_placeholder.jpg","https://ik.imagekit.io/php1jcf0t/default_placeholder.jpg","unique","N/A"
"Et3epSlCGcAj9cc0Ov9R","DEMOOD","https://ik.imagekit.io/php1jcf0t/default_placeholder.jpg","https://ik.imagekit.io/php1jcf0t/default_placeholder.jpg","unique","N/A"
"FqspdBQ1ZZmL3DvSvUXw","B&B","https://ik.imagekit.io/php1jcf0t/b_b_HiVmeeJ4z.jpg","https://ik.imagekit.io/php1jcf0t/default_placeholder.jpg","unique","N/A"
"GWXhHbrNmApiTTEHesyR","UZBEK","https://ik.imagekit.io/php1jcf0t/default_placeholder.jpg","https://ik.imagekit.io/php1jcf0t/default_placeholder.jpg","unique","N/A"
"GflS5ZXh6uqiegs1YDJ9","FLARUS","https://ik.imagekit.io/php1jcf0t/default_placeholder.jpg","https://ik.imagekit.io/php1jcf0t/default_placeholder.jpg","unique","N/A"
"GgZNDNALRy0bGjynrJLJ","FANAT JIGARRANG","https://ik.imagekit.io/php1jcf0t/default_placeholder.jpg","https://ik.imagekit.io/php1jcf0t/default_placeholder.jpg","unique","N/A"
"Gu458qiLBww1prT79unE","MOVENPICK JIGARRANG","https://ik.imagekit.io/php1jcf0t/default_placeholder.jpg","https://ik.imagekit.io/php1jcf0t/default_placeholder.jpg","unique","N/A"
"HLUgh7AEkxt6iLOtmHFh","PIZZA STRADA","https://ik.imagekit.io/php1jcf0t/default_placeholder.jpg","https://ik.imagekit.io/php1jcf0t/default_placeholder.jpg","unique","N/A"
"HafepdrPO1d3pFjzgjzg","BENTLEY HOTEL","https://ik.imagekit.io/php1jcf0t/Bentley_hotel_ypPtj-A6MG.JPG","https://ik.imagekit.io/php1jcf0t/default_placeholder.jpg","unique","N/A"
"HknxEOSM4J49C1tPZp8O","TURKISH DONER","https://ik.imagekit.io/php1jcf0t/default_placeholder.jpg","https://ik.imagekit.io/php1jcf0t/default_placeholder.jpg","unique","N/A"
"I3oTijk3VTNFxJPjM60q","BLACK STAR","https://ik.imagekit.io/php1jcf0t/образец_dVmhYEQCk.jpg","https://ik.imagekit.io/php1jcf0t/default_placeholder.jpg","unique","N/A"
"IfSAGPHxLuv7VN7k2ASt","KOINOT","https://ik.imagekit.io/php1jcf0t/default_placeholder.jpg","https://ik.imagekit.io/php1jcf0t/default_placeholder.jpg","unique","N/A"
"IhpI8Xp8QgkkVRUpwcSa","TENET сахарозаменитель","https://ik.imagekit.io/php1jcf0t/default_placeholder.jpg","https://ik.imagekit.io/php1jcf0t/default_placeholder.jpg","unique","N/A"
"IjAanz7Y9kvFJYvzdv8N","IT CAFE","https://ik.imagekit.io/php1jcf0t/default_placeholder.jpg","https://ik.imagekit.io/php1jcf0t/default_placeholder.jpg","unique","N/A"
"Ijw047hgUdUltPeCMDEw","AILE","https://ik.imagekit.io/php1jcf0t/aile_LTbh1cWVq.jpg","https://ik.imagekit.io/php1jcf0t/default_placeholder.jpg","unique","N/A"
"IsC35AtFpaEgCnOl7VaX","OASIS GARDEN","https://ik.imagekit.io/php1jcf0t/default_placeholder.jpg","https://ik.imagekit.io/php1jcf0t/default_placeholder.jpg","unique","N/A"
"JI3XD7PzCKs0kvIwe3Li","TAKSIM","https://ik.imagekit.io/php1jcf0t/default_placeholder.jpg","https://ik.imagekit.io/php1jcf0t/default_placeholder.jpg","unique","N/A"
"L5Pcs1VWDIHA7Cl10LLX","MIX BURGER","https://ik.imagekit.io/php1jcf0t/default_placeholder.jpg","https://ik.imagekit.io/php1jcf0t/default_placeholder.jpg","unique","N/A"
"LA0pX9V0dx26YWVoe0lF","BASKIN ROBBINS","https://ik.imagekit.io/php1jcf0t/Baskin_Ic1ObVA-A.JPG","https://ik.imagekit.io/php1jcf0t/default_placeholder.jpg","unique","N/A"
"M2ICk2rQNDPNQKF3fatL","NOBLE","https://ik.imagekit.io/php1jcf0t/photo_6_2025-08-24_12-26-38_K7kAZOxlBR.jpg","https://ik.imagekit.io/php1jcf0t/default_placeholder.jpg","unique","N/A"
"MBcsgRahkesiBrcrgTzH","VODIY FOOD","https://ik.imagekit.io/php1jcf0t/default_placeholder.jpg","https://ik.imagekit.io/php1jcf0t/default_placeholder.jpg","unique","N/A"
"MRQuOlwii9ZiFfI59oCz","EDISON FOOD","https://ik.imagekit.io/php1jcf0t/default_placeholder.jpg","https://ik.imagekit.io/php1jcf0t/default_placeholder.jpg","unique","N/A"
"Mmk3cvh8KZhgNw3x2LzK","IZGARA","https://ik.imagekit.io/php1jcf0t/photo_2_2025-08-24_12-26-38_cRFAfyfYY.jpg","https://ik.imagekit.io/php1jcf0t/default_placeholder.jpg","unique","N/A"
"NdkSxDBxjLal3RlymNPl","INTERNATIONAL HOTEL SLIVKA","https://ik.imagekit.io/php1jcf0t/photo_2023-05-27_00-14-34_A7UagkvJu.jpg","https://ik.imagekit.io/php1jcf0t/default_placeholder.jpg","unique","N/A"
"NhAkguNaBpZPY6prxwYv","BERLIN","https://ik.imagekit.io/php1jcf0t/Berlin_GNyzuZupw.JPG","https://ik.imagekit.io/php1jcf0t/default_placeholder.jpg","unique","N/A"
"NmXEN0TbAJeVTo4FoOw9","MAZZALI","https://ik.imagekit.io/php1jcf0t/default_placeholder.jpg","https://ik.imagekit.io/php1jcf0t/default_placeholder.jpg","unique","N/A"
"OUR3NbE2Qj6z2b1oWHlI","WIEN","https://ik.imagekit.io/php1jcf0t/photo_2024-06-14_16-52-14_xEsEChgiH.jpg","https://ik.imagekit.io/php1jcf0t/default_placeholder.jpg","unique","N/A"
"OlBl3ntfXin3tDutmxDj","STREET BURGER TUZ","https://ik.imagekit.io/php1jcf0t/default_placeholder.jpg","https://ik.imagekit.io/php1jcf0t/default_placeholder.jpg","unique","N/A"
"OnIJEi14flAo1dWOXYcG","MONE","https://ik.imagekit.io/php1jcf0t/default_placeholder.jpg","https://ik.imagekit.io/php1jcf0t/default_placeholder.jpg","unique","N/A"
"OrYajBOUE2XyqLNnmqaU","STREET BURGER","https://ik.imagekit.io/php1jcf0t/default_placeholder.jpg","https://ik.imagekit.io/php1jcf0t/default_placeholder.jpg","unique","N/A"
"Ouz1ZVYC4f9mfxld3E9P","DOLCE FREDO (JIGARRANG RANG)","https://ik.imagekit.io/php1jcf0t/default_placeholder.jpg","https://ik.imagekit.io/php1jcf0t/default_placeholder.jpg","unique","N/A"
"PDtmVvVM9KrnVIWDKv51","OLAM AVTO","https://ik.imagekit.io/php1jcf0t/default_placeholder.jpg","https://ik.imagekit.io/php1jcf0t/default_placeholder.jpg","unique","N/A"
"PQcbrULfFOUUoRLTAd84","MASTER KEBAB","https://ik.imagekit.io/php1jcf0t/default_placeholder.jpg","N/A","unique","N/A"
"PvSE4MOgGYF44p6KFVLu","PLOV CITY","https://ik.imagekit.io/php1jcf0t/default_placeholder.jpg","https://ik.imagekit.io/php1jcf0t/default_placeholder.jpg","unique","N/A"
"QF3fRYaCz4ibq8k3oMfq","UZBECHKA","https://ik.imagekit.io/php1jcf0t/default_placeholder.jpg","https://ik.imagekit.io/php1jcf0t/default_placeholder.jpg","unique","N/A"
"QHePKBULQmTuK9mplCvt","TOMYUMBAR","https://ik.imagekit.io/php1jcf0t/photo_2022-06-23_23-45-25_EJ2C7GrNV.jpg","https://ik.imagekit.io/php1jcf0t/default_placeholder.jpg","unique","N/A"
"QWNYmYOEJ45kYwOneBiF","BEK OSIYO OQ RANG","https://ik.imagekit.io/php1jcf0t/bek_osiyo_FVP_1tPoZ.jpg","https://ik.imagekit.io/php1jcf0t/default_placeholder.jpg","unique","N/A"
"Qa8Dm4IkzauIew7xh6ST","TIM","https://ik.imagekit.io/php1jcf0t/default_placeholder.jpg","https://ik.imagekit.io/php1jcf0t/default_placeholder.jpg","unique","N/A"
"QqgrXdLiti6ByMwPFR9T","INTERNATIONAL HOTEL OQ SHAKAR","https://ik.imagekit.io/php1jcf0t/default_placeholder.jpg","https://ik.imagekit.io/php1jcf0t/default_placeholder.jpg","unique","N/A"
"QxrQafOMfWZPaytpejxe","COURTYARD JIGARRANG","https://ik.imagekit.io/php1jcf0t/default_placeholder.jpg","https://ik.imagekit.io/php1jcf0t/default_placeholder.jpg","unique","N/A"
"R9VRgRAOMbdLO53QNyYs","ACTION","https://ik.imagekit.io/php1jcf0t/photo_2025-08-27_19.20.16_GYrMPgM1Vq.jpeg","https://ik.imagekit.io/php1jcf0t/default_placeholder.jpg","unique","N/A"
"Rb71Lw9YlUyvVRkj7Hkx","HORIZON","https://ik.imagekit.io/php1jcf0t/default_placeholder.jpg","https://ik.imagekit.io/php1jcf0t/default_placeholder.jpg","unique","N/A"
"RjaZdCKDYpOn0aTAEdpc","LA CREMA (OQ RANG)","https://ik.imagekit.io/php1jcf0t/default_placeholder.jpg","https://ik.imagekit.io/php1jcf0t/default_placeholder.jpg","unique","N/A"
"RpCxpqFtqtSZMX5SSRPv","UCAFE","https://ik.imagekit.io/php1jcf0t/default_placeholder.jpg","https://ik.imagekit.io/php1jcf0t/default_placeholder.jpg","unique","N/A"
"S8nb64fGDd1lDsdcCyYs","ORZUM","https://ik.imagekit.io/php1jcf0t/default_placeholder.jpg","https://ik.imagekit.io/php1jcf0t/default_placeholder.jpg","unique","N/A"
"SWK1b9lfCR0aKMYL2tMK","ARCHAZOR","https://ik.imagekit.io/php1jcf0t/default_placeholder.jpg","https://ik.imagekit.io/php1jcf0t/default_placeholder.jpg","unique","N/A"
"SumrzjF4MTVIkm59GIKA","TURK TURIZM","https://ik.imagekit.io/php1jcf0t/default_placeholder.jpg","https://ik.imagekit.io/php1jcf0t/default_placeholder.jpg","unique","N/A"
"T9b6tW9wuVD3FJDgnTcI","ZAMAN","https://ik.imagekit.io/php1jcf0t/default_placeholder.jpg","https://ik.imagekit.io/php1jcf0t/default_placeholder.jpg","unique","N/A"
"TcZGg6siy3vdNW9J968a","VOLGA (ВОЛГА)","https://ik.imagekit.io/php1jcf0t/default_placeholder.jpg","https://ik.imagekit.io/php1jcf0t/default_placeholder.jpg","unique","N/A"
"Tm7FJ5tpWaf0jLJmDwjJ","GREEK FOOD","https://ik.imagekit.io/php1jcf0t/default_placeholder.jpg","https://ik.imagekit.io/php1jcf0t/default_placeholder.jpg","unique","N/A"
"U9TLqywzvKvyUhEzn1js","2290","https://ik.imagekit.io/php1jcf0t/5_-M6X13Rdo.jpg","https://ik.imagekit.io/php1jcf0t/default_placeholder.jpg","unique","N/A"
"UIhvfq81yobkjCxmwHsp","COURTYARD (STICK - OQ)","https://ik.imagekit.io/php1jcf0t/default_placeholder.jpg","https://ik.imagekit.io/php1jcf0t/default_placeholder.jpg","unique","N/A"
"Uji7nAXcJk8R4RYzvEEG","TERRA","https://ik.imagekit.io/php1jcf0t/default_placeholder.jpg","https://ik.imagekit.io/php1jcf0t/default_placeholder.jpg","unique","N/A"
"UmAVTxfkUuNu4wCF2Olb","PLAN B","https://ik.imagekit.io/php1jcf0t/default_placeholder.jpg","https://ik.imagekit.io/php1jcf0t/default_placeholder.jpg","unique","N/A"
"UoLYvCTSPwmdR68kQZ5u","CORNER HOTEL","https://ik.imagekit.io/php1jcf0t/CORNER_7jzOcbvAp.JPG","https://ik.imagekit.io/php1jcf0t/default_placeholder.jpg","unique","N/A"
"V2G0LgMh8YTOxIdMSRjZ","COFFEE & MORE","https://ik.imagekit.io/php1jcf0t/default_placeholder.jpg","https://ik.imagekit.io/php1jcf0t/default_placeholder.jpg","unique","N/A"
"VJjU51zBhroleSFOzOuq","CHICKEN SHOP","https://ik.imagekit.io/php1jcf0t/default_placeholder.jpg","https://ik.imagekit.io/php1jcf0t/default_placeholder.jpg","unique","N/A"
"VeE30YDKCFkAhsWXlmOi","DONER MANIA","https://ik.imagekit.io/php1jcf0t/default_placeholder.jpg","https://ik.imagekit.io/php1jcf0t/default_placeholder.jpg","unique","N/A"
"VkuPjxUo51G9G2R44CuG","LA CREMA (ФИОЛЕТОВЫЙ РАНГ)","https://ik.imagekit.io/php1jcf0t/default_placeholder.jpg","https://ik.imagekit.io/php1jcf0t/default_placeholder.jpg","unique","N/A"
"WW0VusHYwj8tRmpY2sPz","LE GRANDE PLAZA (TATA)","https://ik.imagekit.io/php1jcf0t/default_placeholder.jpg","https://ik.imagekit.io/php1jcf0t/default_placeholder.jpg","unique","N/A"
"WgtZN7Zrr9lLCNwJS6kk","ФАРШ","https://ik.imagekit.io/php1jcf0t/default_placeholder.jpg","https://ik.imagekit.io/php1jcf0t/default_placeholder.jpg","unique","N/A"
"WrdwAVnVMcf373Mx800s","AMERICANO","https://ik.imagekit.io/php1jcf0t/americano_kNOVtgC_k.jpg","https://ik.imagekit.io/php1jcf0t/default_placeholder.jpg","unique","N/A"
"XBA1GRO4phIbEBIUIneC","FOTIH","https://ik.imagekit.io/php1jcf0t/default_placeholder.jpg","https://ik.imagekit.io/php1jcf0t/default_placeholder.jpg","unique","N/A"
"XPIpH1XVH1ySyOc4UKU1","SIMMA HOTEL","https://ik.imagekit.io/php1jcf0t/default_placeholder.jpg","https://ik.imagekit.io/php1jcf0t/default_placeholder.jpg","unique","N/A"
"XgyYbgeRam9QWcteerfH","PREMIUM LINE OQ SHAKAR","https://ik.imagekit.io/php1jcf0t/photo_2023-05-27_00-15-25_mhbUBJhjQ.jpg","https://ik.imagekit.io/php1jcf0t/default_placeholder.jpg","unique","N/A"
"Xqh1N6vQsgqUaHFo2ZoT","BIKA","https://ik.imagekit.io/php1jcf0t/default_placeholder.jpg","https://ik.imagekit.io/php1jcf0t/default_placeholder.jpg","unique","N/A"
"YYPBJ1MQYwxQF38mTHq8","AIKO","https://ik.imagekit.io/php1jcf0t/aiko_9SWte4pJ3.jpg","https://ik.imagekit.io/php1jcf0t/default_placeholder.jpg","unique","N/A"
"ZdaAbNNy5xOfIxQenZhZ","MILLIY","https://ik.imagekit.io/php1jcf0t/default_placeholder.jpg","https://ik.imagekit.io/php1jcf0t/default_placeholder.jpg","unique","N/A"
"Zr0ZB14zYkbIWSf2zKsS","DENDY","https://ik.imagekit.io/php1jcf0t/default_placeholder.jpg","https://ik.imagekit.io/php1jcf0t/default_placeholder.jpg","unique","N/A"
"aKc1MluUxXLS8UP2Ejij","OSIYO PALACE","https://ik.imagekit.io/php1jcf0t/default_placeholder.jpg","N/A","unique","N/A"
"aMyCWalNRYTFvWSSPPUc","TCHIBO COFFEE","https://ik.imagekit.io/php1jcf0t/default_placeholder.jpg","https://ik.imagekit.io/php1jcf0t/default_placeholder.jpg","unique","N/A"
"aQbOzq4amOGizDrfWkYl","FRANKFORT EXPO","https://ik.imagekit.io/php1jcf0t/default_placeholder.jpg","https://ik.imagekit.io/php1jcf0t/default_placeholder.jpg","unique","N/A"
"aWSqjrWYD7Lgwwh06vrF","SULTAN","https://ik.imagekit.io/php1jcf0t/default_placeholder.jpg","https://ik.imagekit.io/php1jcf0t/default_placeholder.jpg","unique","N/A"
"ahEdQ1rR060yU4nugHR3","DOLCE FREDO (OQ RANG)","https://ik.imagekit.io/php1jcf0t/default_placeholder.jpg","https://ik.imagekit.io/php1jcf0t/default_placeholder.jpg","unique","N/A"
"bBp2797N91JDSaTpRR6n","LES AILES","https://ik.imagekit.io/php1jcf0t/default_placeholder.jpg","https://ik.imagekit.io/php1jcf0t/default_placeholder.jpg","unique","N/A"
"c1iaUBnsTStMg3Ey4cNg","LEAF COFFEE","https://ik.imagekit.io/php1jcf0t/default_placeholder.jpg","https://ik.imagekit.io/php1jcf0t/default_placeholder.jpg","unique","N/A"
"cIiBoVJ5QkFWnP1d4EdG","RODENA (JIGARRANG SHAKAR)","https://ik.imagekit.io/php1jcf0t/default_placeholder.jpg","https://ik.imagekit.io/php1jcf0t/default_placeholder.jpg","unique","N/A"
"cKkIBWwvahGbSyX3SBHQ","BEK OSIYO FIOLETOVIY","https://ik.imagekit.io/php1jcf0t/Bek_Osiyo_2023_new_color_65y7DL_PzN.JPG","https://ik.imagekit.io/php1jcf0t/default_placeholder.jpg","unique","N/A"
"carTIElKmJSyfMvQDL2u","BREADLY (OQ SHAKAR)","https://ik.imagekit.io/php1jcf0t/breadly_oq_dH2kbtt4OZ.jpg","https://ik.imagekit.io/php1jcf0t/default_placeholder.jpg","unique","N/A"
"csb8FJIJj2yD10jbSJz2","MAKKON","https://ik.imagekit.io/php1jcf0t/default_placeholder.jpg","https://ik.imagekit.io/php1jcf0t/default_placeholder.jpg","unique","N/A"
"ctrYbv0O4nQ0MvUzl9dr","COURTYARD САХАРОЗАМЕНИТЕЛЬ","https://ik.imagekit.io/php1jcf0t/default_placeholder.jpg","https://ik.imagekit.io/php1jcf0t/default_placeholder.jpg","unique","N/A"
"d5IC8Irv3TjnqzZ2llV5","BEFIT (JIGARRANG SHAKAR)","https://ik.imagekit.io/php1jcf0t/default_placeholder.jpg","https://ik.imagekit.io/php1jcf0t/default_placeholder.jpg","unique","N/A"
"dNGBbzI6HMC9lwPflJw6","COURTYARD SLIVKA","https://ik.imagekit.io/php1jcf0t/photo_2024-05-17_16-36-58_gHw-b0J8s.jpg","https://ik.imagekit.io/php1jcf0t/default_placeholder.jpg","unique","N/A"
"dQYnS1eUdXOAiYd7Sujx","LUNA CATERING","https://ik.imagekit.io/php1jcf0t/default_placeholder.jpg","https://ik.imagekit.io/php1jcf0t/default_placeholder.jpg","unique","N/A"
"dgIa4LaBsvpnostnXAkI","COURTYARD (STICK - JIGARRANG)","https://ik.imagekit.io/php1jcf0t/default_placeholder.jpg","https://ik.imagekit.io/php1jcf0t/default_placeholder.jpg","unique","N/A"
"dsHrMEq2UpucNV7P9Cpt","BBQ BURGER","https://ik.imagekit.io/php1jcf0t/BBQ__gray__zgDmCefl8.JPG","https://ik.imagekit.io/php1jcf0t/default_placeholder.jpg","unique","N/A"
"e640aFffc3GLjc39yioz","PREMIUM LINE JIGARRANG","https://ik.imagekit.io/php1jcf0t/default_placeholder.jpg","https://ik.imagekit.io/php1jcf0t/default_placeholder.jpg","unique","N/A"
"eeXv9XTmX7S1dhbDd5BZ","HAYOT HOTEL","https://ik.imagekit.io/php1jcf0t/default_placeholder.jpg","https://ik.imagekit.io/php1jcf0t/default_placeholder.jpg","unique","N/A"
"ezl1Fd2MgF0fTeWJaRaP","FISTIK","https://ik.imagekit.io/php1jcf0t/default_placeholder.jpg","https://ik.imagekit.io/php1jcf0t/default_placeholder.jpg","unique","N/A"
"f4Awxn2bHPgnP8s4ROSy","SOFIYA","https://ik.imagekit.io/php1jcf0t/default_placeholder.jpg","https://ik.imagekit.io/php1jcf0t/default_placeholder.jpg","unique","N/A"
"fVzYO9MVUax4EdxJPv1P","MADBRICK","https://ik.imagekit.io/php1jcf0t/default_placeholder.jpg","https://ik.imagekit.io/php1jcf0t/default_placeholder.jpg","unique","N/A"
"fo0wVPfujpsJre1yITAk","PLOFF KEBAB","https://ik.imagekit.io/php1jcf0t/default_placeholder.jpg","N/A","unique","N/A"
"fxXNUjevNA674I9p8dGi","MOVEN PICK SLIVKA","https://ik.imagekit.io/php1jcf0t/default_placeholder.jpg","https://ik.imagekit.io/php1jcf0t/default_placeholder.jpg","unique","N/A"
"g3npfoQR9JfC0qPmPBYe","CHICKEN EXPRESS","https://ik.imagekit.io/php1jcf0t/default_placeholder.jpg","https://ik.imagekit.io/php1jcf0t/default_placeholder.jpg","unique","N/A"
"ghoe292nEkKOvIQHAbxf","ONESTA","https://ik.imagekit.io/php1jcf0t/default_placeholder.jpg","https://ik.imagekit.io/php1jcf0t/default_placeholder.jpg","unique","N/A"
"ghrllyYNst4onbhcxvmf","KARIMBEK","https://ik.imagekit.io/php1jcf0t/default_placeholder.jpg","https://ik.imagekit.io/php1jcf0t/default_placeholder.jpg","unique","N/A"
"giJRU8V2AUDowzyY2LCl","LAPAMPUSHKA","https://ik.imagekit.io/php1jcf0t/default_placeholder.jpg","https://ik.imagekit.io/php1jcf0t/default_placeholder.jpg","unique","N/A"
"hsA9yW05ihYsEZ7sRrEH","ЖИГУЛИ","https://ik.imagekit.io/php1jcf0t/default_placeholder.jpg","https://ik.imagekit.io/php1jcf0t/default_placeholder.jpg","unique","N/A"
"hyfDkmvmNyMMNAKOoruU","CAY SIMIT ","https://ik.imagekit.io/php1jcf0t/default_placeholder.jpg","https://ik.imagekit.io/php1jcf0t/default_placeholder.jpg","unique","N/A"
"iEwf6KB0QkZzUm6PBrmz","BROS","https://ik.imagekit.io/php1jcf0t/Bros_s2__ic_E3.JPG","https://ik.imagekit.io/php1jcf0t/default_placeholder.jpg","unique","N/A"
"iiTWbRSK6WaPR3lHm49C","SOFRAM","https://ik.imagekit.io/php1jcf0t/default_placeholder.jpg","https://ik.imagekit.io/php1jcf0t/default_placeholder.jpg","unique","N/A"
"iizTYaMYje94guMmEYrZ","TURKISTON","https://ik.imagekit.io/php1jcf0t/default_placeholder.jpg","https://ik.imagekit.io/php1jcf0t/default_placeholder.jpg","unique","N/A"
"imzuwfcsn56zLpQH1RpG","INTERNATIONAL HOTEL JIGARRANG","https://ik.imagekit.io/php1jcf0t/default_placeholder.jpg","https://ik.imagekit.io/php1jcf0t/default_placeholder.jpg","unique","N/A"
"j7ZsIirFLH6CWRyUnUAz","BORDER TUZ","https://ik.imagekit.io/php1jcf0t/BORDER_SALT_minehnmpc.JPG","https://ik.imagekit.io/php1jcf0t/default_placeholder.jpg","unique","N/A"
"jFEzofPJrvemRN3b8KVy","WELLMORE","https://ik.imagekit.io/php1jcf0t/default_placeholder.jpg","https://ik.imagekit.io/php1jcf0t/default_placeholder.jpg","unique","N/A"
"jKW5r2kEJQ5hADEKKnz3","SORA","https://ik.imagekit.io/php1jcf0t/default_placeholder.jpg","N/A","unique","N/A"
"jm7ebSdTJDjmpGcephLZ","HUKUMDAR","https://ik.imagekit.io/php1jcf0t/default_placeholder.jpg","https://ik.imagekit.io/php1jcf0t/default_placeholder.jpg","unique","N/A"
"k2QjjTERsMxgkxizdjih","HAVOKAND","https://ik.imagekit.io/php1jcf0t/default_placeholder.jpg","https://ik.imagekit.io/php1jcf0t/default_placeholder.jpg","unique","N/A"
"kAQKoQFqh8TzLt031rDG","BURCHMULLA OQ SHAKAR","https://ik.imagekit.io/php1jcf0t/BURCHMULLA_1_3-6Al73YZ.jpg","https://ik.imagekit.io/php1jcf0t/default_placeholder.jpg","unique","N/A"
"kEOZq8dkVCHuzm5RfIPQ","MEROS HOTEL","https://ik.imagekit.io/php1jcf0t/photo_10_2025-08-24_12-26-38_TnbCEkTsD.jpg","https://ik.imagekit.io/php1jcf0t/default_placeholder.jpg","unique","N/A"
"kJswAnO9mwHO7GXiEDQZ","MEDINA HOTEL","https://ik.imagekit.io/php1jcf0t/photo_9_2025-08-24_12-26-38_-K3tyJ8Bl1.jpg","https://ik.imagekit.io/php1jcf0t/default_placeholder.jpg","unique","N/A"
"kpLg3AfdXFV3c9wumbwF","SOUL CAFFEE IN","https://ik.imagekit.io/php1jcf0t/default_placeholder.jpg","https://ik.imagekit.io/php1jcf0t/default_placeholder.jpg","unique","N/A"
"m5doHsE1MaWXrAILw4w7","CHOCO LOCMA","https://ik.imagekit.io/php1jcf0t/choco_locma_dDPsgY1S3.jpg","https://ik.imagekit.io/php1jcf0t/default_placeholder.jpg","unique","N/A"
"modxYydTnYwE3cMXJqhz","MODERNO","https://ik.imagekit.io/php1jcf0t/default_placeholder.jpg","https://ik.imagekit.io/php1jcf0t/default_placeholder.jpg","unique","N/A"
"nEQOHZB4RZLQwPkFXhej","GUTEN","https://ik.imagekit.io/php1jcf0t/default_placeholder.jpg","https://ik.imagekit.io/php1jcf0t/default_placeholder.jpg","unique","N/A"
"nLhS2bdF9OrWdXLdu9vV","MISTO LOUNGE","https://ik.imagekit.io/php1jcf0t/photo_1_2025-08-24_12-26-38_9EMhp5iEu.jpg","https://ik.imagekit.io/php1jcf0t/default_placeholder.jpg","unique","N/A"
"nbO2OJcuKo6ICMczJvwO","BORDER","https://ik.imagekit.io/php1jcf0t/BORDER_stik_Bx6vidnrF.JPG","https://ik.imagekit.io/php1jcf0t/default_placeholder.jpg","unique","N/A"
"o6if0WESN1VBgW319AWd","GOSHT","https://ik.imagekit.io/php1jcf0t/default_placeholder.jpg","https://ik.imagekit.io/php1jcf0t/default_placeholder.jpg","unique","N/A"
"oKWsuE8fY1OGb47W065D","RETRO","https://ik.imagekit.io/php1jcf0t/default_placeholder.jpg","https://ik.imagekit.io/php1jcf0t/default_placeholder.jpg","unique","N/A"
"oRaUmXW1wdgPwAfI4EWg","SUZANE SASHET","https://ik.imagekit.io/php1jcf0t/default_placeholder.jpg","https://ik.imagekit.io/php1jcf0t/default_placeholder.jpg","unique","N/A"
"oSY4I3F8dhBmtudsMqyU","MADINA FOOD","https://ik.imagekit.io/php1jcf0t/default_placeholder.jpg","https://ik.imagekit.io/php1jcf0t/default_placeholder.jpg","unique","N/A"
"p33mznYbg8JRzp3nMaTY","ATOUR HOTEL","https://ik.imagekit.io/php1jcf0t/atour_HKYh_jiio.jpg","https://ik.imagekit.io/php1jcf0t/default_placeholder.jpg","unique","N/A"
"pPEuZ320QuDR6PviZu2S","CARAMEL","https://ik.imagekit.io/php1jcf0t/default_placeholder.jpg","https://ik.imagekit.io/php1jcf0t/default_placeholder.jpg","unique","N/A"
"phC9gEfOEWs5tKy0hI9U","SOF","https://ik.imagekit.io/php1jcf0t/default_placeholder.jpg","https://ik.imagekit.io/php1jcf0t/default_placeholder.jpg","unique","N/A"
"phLxVEYNNIiNNlRJXCug","VILLA BRASSERIE","https://ik.imagekit.io/php1jcf0t/default_placeholder.jpg","https://ik.imagekit.io/php1jcf0t/default_placeholder.jpg","unique","N/A"
"q8fSWGtLsTg8o1cJ2zuQ","CINNABON JIGARRANG","https://ik.imagekit.io/php1jcf0t/default_placeholder.jpg","https://ik.imagekit.io/php1jcf0t/default_placeholder.jpg","unique","N/A"
"qXZZSRpnAzHwIKKzvjyu","MERHABA","https://ik.imagekit.io/php1jcf0t/default_placeholder.jpg","https://ik.imagekit.io/php1jcf0t/default_placeholder.jpg","unique","N/A"
"qos0xPjRyOsA1B5tfVB3","SULTANAHMET","https://ik.imagekit.io/php1jcf0t/default_placeholder.jpg","https://ik.imagekit.io/php1jcf0t/default_placeholder.jpg","unique","N/A"
"rEzSDaCLJByTs18Sllzp","SKYCLUB","https://ik.imagekit.io/php1jcf0t/default_placeholder.jpg","N/A","unique","N/A"
"rKSvo9wMN9I4qgpyDXew","BON BON","https://ik.imagekit.io/php1jcf0t/BON_BON__kleshe_2_ouzSL8cF4t.jpg","https://ik.imagekit.io/php1jcf0t/default_placeholder.jpg","unique","N/A"
"rgHkTry32FjBCNCfZ3gi","MUHTASHAM","https://ik.imagekit.io/php1jcf0t/default_placeholder.jpg","https://ik.imagekit.io/php1jcf0t/default_placeholder.jpg","unique","N/A"
"sMu6bG2D6zLsad0PrlT4","ZAFARON","https://ik.imagekit.io/php1jcf0t/default_placeholder.jpg","https://ik.imagekit.io/php1jcf0t/default_placeholder.jpg","unique","N/A"
"sRlyuFXTWtPD1Hfpv3QT","LEVEL","https://ik.imagekit.io/php1jcf0t/default_placeholder.jpg","https://ik.imagekit.io/php1jcf0t/default_placeholder.jpg","unique","N/A"
"sVy47TkTWlsR4ww9Kmvm","COURTYARD OQ SHAKAR","https://ik.imagekit.io/php1jcf0t/default_placeholder.jpg","https://ik.imagekit.io/php1jcf0t/default_placeholder.jpg","unique","N/A"
"shs3HiOn84Tg00G430aa","CINNABON OQ SHAKAR","https://ik.imagekit.io/php1jcf0t/default_placeholder.jpg","https://ik.imagekit.io/php1jcf0t/default_placeholder.jpg","unique","N/A"
"ssjcPgWFAln5iO50i3EC","YAPROQ DONAR","https://ik.imagekit.io/php1jcf0t/default_placeholder.jpg","https://ik.imagekit.io/php1jcf0t/default_placeholder.jpg","unique","N/A"
"sxQZzkaoEa5rCjNcL0vT","SKYBAR","https://ik.imagekit.io/php1jcf0t/default_placeholder.jpg","https://ik.imagekit.io/php1jcf0t/default_placeholder.jpg","unique","N/A"
"t2yBitRbnYbR6ZWa0Svj","CHOPAR","https://ik.imagekit.io/php1jcf0t/default_placeholder.jpg","https://ik.imagekit.io/php1jcf0t/default_placeholder.jpg","unique","N/A"
"tZZw5DInZ0i7haNr2DL7","EMIRHAN","https://ik.imagekit.io/php1jcf0t/default_placeholder.jpg","https://ik.imagekit.io/php1jcf0t/default_placeholder.jpg","unique","N/A"
"uDSGgHXbwkCT3JPpmXp7","MOKHIZADEM","https://ik.imagekit.io/php1jcf0t/default_placeholder.jpg","https://ik.imagekit.io/php1jcf0t/default_placeholder.jpg","unique","N/A"
"uTJsETWkEAH1Go1vno4A","CHEKSIZ(OQ-QORA DIZAYN)","https://ik.imagekit.io/php1jcf0t/default_placeholder.jpg","https://ik.imagekit.io/php1jcf0t/default_placeholder.jpg","unique","N/A"
"uWyVtZUZuQOimUhCNwne","TURKISH DONER SHAKAR","https://ik.imagekit.io/php1jcf0t/trk-dnr_Ri7qAIjJlk.jpg","https://ik.imagekit.io/php1jcf0t/default_placeholder.jpg","unique","N/A"
"ukJ0lBc8iQ8oR9K1Ofua","BEK","https://ik.imagekit.io/php1jcf0t/default_placeholder.jpg","https://ik.imagekit.io/php1jcf0t/default_placeholder.jpg","unique","N/A"
"v3ZNGeWUfiRQwe5p8Kv9","ANJIR TUZ","https://ik.imagekit.io/php1jcf0t/default_placeholder.jpg","https://ik.imagekit.io/php1jcf0t/default_placeholder.jpg","unique","N/A"
"vRND1DIHaidHEo0clzZS","CINNAMON","https://ik.imagekit.io/php1jcf0t/default_placeholder.jpg","https://ik.imagekit.io/php1jcf0t/default_placeholder.jpg","unique","N/A"
"vSAxegempKIaawjzFnpm","TENET JIGARRANG","https://ik.imagekit.io/php1jcf0t/default_placeholder.jpg","https://ik.imagekit.io/php1jcf0t/default_placeholder.jpg","unique","N/A"
"w7baIlIHZoTim89yQ5ap","MADO (JIGARRANG)","https://ik.imagekit.io/php1jcf0t/default_placeholder.jpg","https://ik.imagekit.io/php1jcf0t/default_placeholder.jpg","unique","N/A"
"wRSLw2sO1errRNvjTq62","FORN LEBNEN","https://ik.imagekit.io/php1jcf0t/default_placeholder.jpg","https://ik.imagekit.io/php1jcf0t/default_placeholder.jpg","unique","N/A"
"wmMH5bWWNElsSHkTnJws","PIE REPUBLIC","https://ik.imagekit.io/php1jcf0t/default_placeholder.jpg","https://ik.imagekit.io/php1jcf0t/default_placeholder.jpg","unique","N/A"
"xCnVBmgrUzJ6PaLCDx0H","MAROKAND","https://ik.imagekit.io/php1jcf0t/default_placeholder.jpg","https://ik.imagekit.io/php1jcf0t/default_placeholder.jpg","unique","N/A"
"xKdWGFKjKmt1vrnRhj2h","CAKE BUMER","https://ik.imagekit.io/php1jcf0t/CakeBumer_qb6l_eyPD.JPG","https://ik.imagekit.io/php1jcf0t/default_placeholder.jpg","unique","N/A"
"xbbET9sfuzLawKmnyAU3","SUZANE (STICK)","https://ik.imagekit.io/php1jcf0t/default_placeholder.jpg","https://ik.imagekit.io/php1jcf0t/default_placeholder.jpg","unique","N/A"
"xhIB0eFqKHxFu4K1ikmF","BOOK CAFE","https://ik.imagekit.io/php1jcf0t/default_placeholder.jpg","https://ik.imagekit.io/php1jcf0t/default_placeholder.jpg","unique","N/A"
"xj7AIsmlZL6pOF8MBgxd","BRIGHTON","https://ik.imagekit.io/php1jcf0t/BrightoN_wivvJQCXM.JPG","https://ik.imagekit.io/php1jcf0t/default_placeholder.jpg","unique","N/A"
"xzUxYRuBH1e9YT501cKv","ICHAN QALA","https://ik.imagekit.io/php1jcf0t/ICHAN_QALA_vQRNu1roJ.jpg","https://ik.imagekit.io/php1jcf0t/default_placeholder.jpg","unique","N/A"
"y3vIPs0YRxKUP6EU4aTp","TIBET JIGARRANG","https://ik.imagekit.io/php1jcf0t/default_placeholder.jpg","https://ik.imagekit.io/php1jcf0t/default_placeholder.jpg","unique","N/A"
"yezGug45x1utsrganBkU","BREADLY (JIGARRANG SHAKAR)","https://ik.imagekit.io/php1jcf0t/BREADLY_2_u1nS_gup5.jpg","https://ik.imagekit.io/php1jcf0t/default_placeholder.jpg","unique","N/A"
"zNb799BeejGWb7ryibnO","JUMANJI","https://ik.imagekit.io/php1jcf0t/default_placeholder.jpg","https://ik.imagekit.io/php1jcf0t/default_placeholder.jpg","unique","N/A"